shd,f1
23,0.14814814814814814
25,0.07407407407407407
25,0.13793103448275865
25,0.07407407407407407
25,0.0
25,0.07407407407407407
25,0.0
25,0.0
25,0.07407407407407407
25,0.0
